REGION,product,field
EUR,milestones,SOURCE_UID
EUR,milestones,FLTID
EUR,milestones,ADEP
EUR,milestones,ADES
EUR,milestones,TYPE
EUR,milestones,TIME
EUR,milestones,LAT
EUR,milestones,LON
EUR,milestones,ALT_FT
EUR,milestones,MST
EUR,milestones,MST_GROUP
EUR,milestones,MST_METHOD
EUR,milestones,TOT_FUEL_KG
EUR,milestones,TOT_FUEL_KG_ORIGINAL
EUR,milestones,DIST_FLOWN_NM
EUR,milestones,TOTAL_FLOWN_NM
EUR,milestones,DIST_REMAINING_NM
EUR,milestones,DIST_FROM_DEP_NM
EUR,milestones,DIST_TO_ARR_NM
EUR,milestones,FLIGHT_PHASE_RAW
EUR,milestones,ROW_ID
EUR,level_segments,SOURCE_UID
EUR,level_segments,ADEP
EUR,level_segments,ADES
EUR,level_segments,TYPE
EUR,level_segments,SEGMENT_ID
EUR,level_segments,SEGMENT_ORDER
EUR,level_segments,START_TIME
EUR,level_segments,START_ALT_FT
EUR,level_segments,START_FUEL_KG
EUR,level_segments,START_PHASE
EUR,level_segments,END_TIME
EUR,level_segments,END_ALT_FT
EUR,level_segments,END_FUEL_KG
EUR,level_segments,END_PHASE
EUR,level_segments,DURATION_SEC
EUR,level_segments,ALTITUDE_CHANGE_FT
EUR,level_segments,MEAN_ALTITUDE_FT
EUR,level_segments,FUEL_BURN_KG
EUR,level_segments,ALTITUDE_BAND
EUR,level_segments,LEVEL_CONTEXT_PHASE
EUR,level_segments,PHASE_CONTEXT
EUR,level_segments,MST_GROUP
EUR,level_segments,MST_METHOD
EUR,level_segments,HAS_END
EUR,level_segments,qc_orphaned
EUR,level_segments,qc_zero_duration
EUR,level_segments,qc_negative_duration
EUR,level_segments,qc_excessive_altitude_change
EUR,level_segments,qc_missing_fuel
EUR,level_segments,qc_negative_fuel
EUR,level_segments,qc_flag
CHN,milestones,SOURCE_UID
CHN,milestones,FLTID
CHN,milestones,ADEP
CHN,milestones,ADES
CHN,milestones,TYPE
CHN,milestones,TIME
CHN,milestones,LAT
CHN,milestones,LON
CHN,milestones,ALT_FT
CHN,milestones,MST
CHN,milestones,MST_GROUP
CHN,milestones,MST_METHOD
CHN,milestones,TOT_FUEL_KG
CHN,milestones,TOT_FUEL_KG_ORIGINAL
CHN,milestones,DIST_FLOWN_NM
CHN,milestones,TOTAL_FLOWN_NM
CHN,milestones,DIST_REMAINING_NM
CHN,milestones,DIST_FROM_DEP_NM
CHN,milestones,DIST_TO_ARR_NM
CHN,milestones,FLIGHT_PHASE_RAW
CHN,milestones,LEVEL_SEGMENT_ID
CHN,milestones,LEVEL_DURATION_SEC
CHN,milestones,LEVEL_DISTANCE_NM
CHN,milestones,LEVEL_FUEL_KG
CHN,milestones,LEVEL_CONTEXT_PHASE
CHN,milestones,ROW_ID
CHN,milestones,source_batch
CHN,level_segments,SOURCE_UID
CHN,level_segments,FLTID
CHN,level_segments,ADEP
CHN,level_segments,ADES
CHN,level_segments,TYPE
CHN,level_segments,LEVEL_SEGMENT_ID
CHN,level_segments,LEVEL_CONTEXT_PHASE
CHN,level_segments,START_TIME
CHN,level_segments,END_TIME
CHN,level_segments,START_ROW_ID
CHN,level_segments,END_ROW_ID
CHN,level_segments,START_ALT_FT
CHN,level_segments,END_ALT_FT
CHN,level_segments,ALTITUDE_BAND_FT
CHN,level_segments,START_DIST_FLOWN_NM
CHN,level_segments,END_DIST_FLOWN_NM
CHN,level_segments,DISTANCE_NM
CHN,level_segments,START_FUEL_KG
CHN,level_segments,END_FUEL_KG
CHN,level_segments,FUEL_KG
CHN,level_segments,DURATION_SEC
CHN,level_segments,source_batch
