ICAO_TYPE,CHN,EUR
B738,885,1336
A321,507,3095
A320,362,4934
A21N,350,1003
A20N,203,5771
A333,1404,155
B789,282,129
A332,803,102
A319,46,3225
A359,201,34
B737,443,28
B77W,326,17
B737-MAX,22,0
C919,587,0
A306,0,28
A318,0,20
A339,0,1
A346,0,4
A388,0,2
B38M,0,11
B39M,0,2
B734,0,3
B735,0,1
B739,0,133
B752,0,1
B772,0,3
B77L,0,44
B788,0,4
BCS1,0,56
BCS3,0,219
BE4W,0,1
C25A,0,2
C25B,0,3
C25C,0,3
C510,0,1
C525,0,1
C55B,0,8
C56X,0,12
C680,0,1
C68A,0,18
CL30,0,1
CL35,0,9
CL60,0,8
CRJ2,0,4
CRJ9,0,135
CRJX,0,96
E135,0,1
E145,0,1
E170,0,2
E190,0,399
E195,0,45
E290,0,134
E295,0,160
E35L,0,8
E550,0,4
E55P,0,17
E75L,0,24
F2TH,0,7
F900,0,3
FA8X,0,1
G280,0,1
GA5C,0,1
GA6C,0,2
GL7T,0,4
GLEX,0,1
GLF4,0,1
GLF5,0,1
GLF6,0,2
H25B,0,4
LJ45,0,1
LJ60,0,1
PC12,0,4
PC24,0,8
PRM1,0,1
SF50,0,1
