MST,rows,REGION
A040,21407,EUR
A100,21408,EUR
AIBT,21503,EUR
ALDT,21503,EUR
ALTO,21503,EUR
AOBT,21503,EUR
ATOT,21503,EUR
AUA,132218,EUR
D040,21404,EUR
D100,21406,EUR
DLTO,21503,EUR
ERWY,21503,EUR
FIR,126479,EUR
FL100,51894,EUR
LVL,84939,EUR
TOC,21503,EUR
TOD,21503,EUR
XRWY,21394,EUR
A040,6421,CHN
A100,6421,CHN
A200,6421,CHN
AIBT,6421,CHN
ALDT,5231,CHN
ALTO,5237,CHN
AOBT,6421,CHN
ATOT,6420,CHN
A_FL075,6399,CHN
A_FL100,6399,CHN
A_FL180,6399,CHN
D040,5833,CHN
D100,5833,CHN
D200,5833,CHN
DLTO,6398,CHN
D_FL075,6398,CHN
D_FL100,6398,CHN
D_FL180,6398,CHN
ERWY,6421,CHN
LVL_END,64981,CHN
LVL_START,64981,CHN
TOC,6399,CHN
TOD,6399,CHN
XRWY,6421,CHN
