REGION,ADEP,ADES,flights
CHN,ZBAA,ZSSS,1504
CHN,ZLXY,ZSSS,1032
CHN,ZPPP,ZSSS,761
CHN,ZSSS,ZBAA,1514
CHN,ZSSS,ZLXY,1015
CHN,ZSSS,ZPPP,595
EUR,EDDF,EDDM,1492
EUR,EDDF,EGLL,1351
EUR,EDDF,LEBL,707
EUR,EDDF,LGAV,586
EUR,EDDF,LIRF,878
EUR,EDDF,LSZH,1012
EUR,EDDM,EDDF,1491
EUR,EDDM,EGLL,1177
EUR,EDDM,LTFM,475
EUR,EGLL,EDDF,1348
EUR,EGLL,EDDM,1176
EUR,EGLL,LEBL,860
EUR,EHAM,LEBL,1397
EUR,LEBL,EDDF,709
EUR,LEBL,EGLL,859
EUR,LEBL,EHAM,1404
EUR,LEMD,LFPG,787
EUR,LFPG,LEMD,815
EUR,LGAV,EDDF,620
EUR,LIRF,EDDF,877
EUR,LSZH,EDDF,1007
EUR,LTFM,EDDM,475
