file,path,size_bytes,size_mb,modified_time
0210data-linglingadd milestones and flightphase.zip,/Users/rainerkoelle/RProjects/paper-2026-fuelburn/../paper-2025-ICNS-CHN-EUR-fuelburn/data/0210data-linglingadd milestones and flightphase.zip,26298766,25.08,2025-02-14T12:03:17Z
0210data2-linglingadd milestones and flightphase.zip,/Users/rainerkoelle/RProjects/paper-2026-fuelburn/../paper-2025-ICNS-CHN-EUR-fuelburn/data/0210data2-linglingadd milestones and flightphase.zip,63445960,60.51,2025-02-10T15:38:33Z
CHN-fuel-msts-study-0210data1+2.parquet,/Users/rainerkoelle/RProjects/paper-2026-fuelburn/../paper-2025-ICNS-CHN-EUR-fuelburn/data/CHN-fuel-msts-study-0210data1+2.parquet,18060978,17.22,2025-02-15T16:34:09Z
CHN-fuel-msts-study-0210data2.parquet,/Users/rainerkoelle/RProjects/paper-2026-fuelburn/../paper-2025-ICNS-CHN-EUR-fuelburn/data/CHN-fuel-msts-study-0210data2.parquet,12892141,12.29,2025-02-10T18:22:12Z
CHN-meta-flts-adps.csv,/Users/rainerkoelle/RProjects/paper-2026-fuelburn/../paper-2025-ICNS-CHN-EUR-fuelburn/data/CHN-meta-flts-adps.csv,18478,0.02,2025-02-09T09:11:26Z
EUR-adps-GCD-LB-UB.csv,/Users/rainerkoelle/RProjects/paper-2026-fuelburn/../paper-2025-ICNS-CHN-EUR-fuelburn/data/EUR-adps-GCD-LB-UB.csv,5629,0.01,2025-02-16T17:42:08Z
EUR-comp-adps.csv,/Users/rainerkoelle/RProjects/paper-2026-fuelburn/../paper-2025-ICNS-CHN-EUR-fuelburn/data/EUR-comp-adps.csv,405612,0.39,2025-01-01T11:55:50Z
EUR-flts-adps-202406.csv,/Users/rainerkoelle/RProjects/paper-2026-fuelburn/../paper-2025-ICNS-CHN-EUR-fuelburn/data/EUR-flts-adps-202406.csv,1977049,1.89,2025-01-02T11:21:30Z
EUR-fuel-mst-202406.parquet,/Users/rainerkoelle/RProjects/paper-2026-fuelburn/../paper-2025-ICNS-CHN-EUR-fuelburn/data/EUR-fuel-mst-202406.parquet,18001532,17.17,2025-01-02T11:34:41Z
EUR-fuel-mst-study-202406.parquet,/Users/rainerkoelle/RProjects/paper-2026-fuelburn/../paper-2025-ICNS-CHN-EUR-fuelburn/data/EUR-fuel-mst-study-202406.parquet,9520693,9.08,2025-02-09T18:05:19Z
EUR-fuel-mst-study-types-202406.parquet,/Users/rainerkoelle/RProjects/paper-2026-fuelburn/../paper-2025-ICNS-CHN-EUR-fuelburn/data/EUR-fuel-mst-study-types-202406.parquet,4691716,4.47,2025-02-16T06:10:49Z
ectrl-state-memberships.csv,/Users/rainerkoelle/RProjects/paper-2026-fuelburn/../paper-2025-ICNS-CHN-EUR-fuelburn/data/ectrl-state-memberships.csv,1747,0,2024-12-28T09:26:20Z
fuel data-LL.zip,/Users/rainerkoelle/RProjects/paper-2026-fuelburn/../paper-2025-ICNS-CHN-EUR-fuelburn/data/fuel data-LL.zip,957342,0.91,2024-12-11T16:52:40Z
fuel data-lingling0201.zip,/Users/rainerkoelle/RProjects/paper-2026-fuelburn/../paper-2025-ICNS-CHN-EUR-fuelburn/data/fuel data-lingling0201.zip,14428006,13.76,2025-02-01T17:17:12Z
meta-chn-fuel.csv,/Users/rainerkoelle/RProjects/paper-2026-fuelburn/../paper-2025-ICNS-CHN-EUR-fuelburn/data/meta-chn-fuel.csv,19876,0.02,2025-02-14T13:32:10Z
ourairports-20241227.csv,/Users/rainerkoelle/RProjects/paper-2026-fuelburn/../paper-2025-ICNS-CHN-EUR-fuelburn/data/ourairports-20241227.csv,11159805,10.64,2024-12-28T08:19:35Z
